Comment,Designator,Footprint,LCSC,Quantity
0.01uF,"C1,C26,C5",C_0402_1005Metric,C15195,3
0.1uF,"C15,C16,C17,C19,C2,C20,C22,C23,C24,C25,C27,C6,C7",C_0402_1005Metric,C1525,13
10K,"R12,R13,R14,R15,R16,R17",R_0402_1005Metric,C25744,6
10uF,C3,C_0603_1608Metric,C19702,1
150,"R10,R11",R_0402_1005Metric,C25082,2
1K,"R1,R18,R2,R5,R6,R7,R8,R9",R_0402_1005Metric,C11702,8
1uF,"C10,C11,C12,C13,C18,C21,C28,C4,C8,C9",C_0402_1005Metric,C52923,10
5K1,"R3,R4",R_0402_1005Metric,C25905,2
600R/0.5A,FB1,L_0805_2012Metric,C1017,1
ASE-xxxMHz,Y2,Oscillator_SMD_Abracon_ASE-4Pin_3.2x2.5mm,C2901558,1
ASE-xxxMHz,Y1,Oscillator_SMD_Abracon_ASE-4Pin_3.2x2.5mm,C2901561,1
LP5907SNX-1.8,U1,Texas_X2SON-4_1x1mm_P0.65mm,C139378,1
M.2-CONNECTOR-E,U7,M.2-CONNECTOR-E,C7498141,1
MICROMOD-Standoff,H1,MicroMod-Standoff,C7496631,1
RED,"D1,D2,D3,D4,D5,D6,D7",LED_0603_1608Metric,C2286,7
RP2040,U4,QFN-56-1EP_7x7mm_P0.4mm_EP3.2x3.2mm,C2040,1
SW_Push - SKQGADE010,"SW1,SW2,SW3",SW4-SMD-5.2X5.2X1.5MM,C318884,3
TLV71333PDQNR,"U3,U5",Texas_X2SON-4_1x1mm_P0.65mm,C2867340,2
USB_C_Receptacle_USB2.0_14P,J6,USB_C_Receptacle_GCT_USB4105-xx-A_16P_TopMnt_Horizontal,C2988369,1
W25Q16JVUXIQ,"U2,U6",USON-8_UX_2x3x0p6_WIN,C2843335,2
Conn_01x02_Pin,J5,PinHeader_1x02_P2.54mm_Vertical,,1
Conn_01x06_Pin,J4,PinHeader_1x06_P1.27mm_Vertical,,1
Conn_01x03_Pin,J7,PinHeader_1x03_P1.27mm_Vertical,,1
Conn_01x03_Pin,J3,PinHeader_1x03_P1.27mm_Vertical,,1
Conn_01x22_Pin,J2,PinHeader_1x22_P2.54mm_Vertical,,1
Conn_01x22_Pin,J1,PinHeader_1x22_P2.54mm_Vertical,,1
