Designator,Val,Package,Mid X,Mid Y,Rotation,Layer
C1,0.01uF,C_0402_1005Metric,143.160278,-79.264721,-90.0,top
C10,1uF,C_0402_1005Metric,139.475,-82.480357,180.0,top
C11,1uF,C_0402_1005Metric,139.475,-85.380357,180.0,top
C12,1uF,C_0402_1005Metric,153.99,-82.5,180.0,top
C13,1uF,C_0402_1005Metric,152.060589,-82.1,135.0,top
C15,0.1uF,C_0402_1005Metric,152.8,-92.3,180.0,top
C16,0.1uF,C_0402_1005Metric,156.5,-88.6,180.0,top
C17,0.1uF,C_0402_1005Metric,148.760589,-82.260589,-45.0,top
C18,1uF,C_0402_1005Metric,141.375,-82.480357,180.0,top
C19,0.1uF,C_0402_1005Metric,156.5,-84.5,180.0,top
C2,0.1uF,C_0402_1005Metric,138.560278,-79.264721,90.0,top
C20,0.1uF,C_0402_1005Metric,150.360589,-82.5,-45.0,top
C21,1uF,C_0402_1005Metric,141.375,-85.380357,180.0,top
C22,0.1uF,C_0402_1005Metric,146.32,-88.6,0.0,top
C23,0.1uF,C_0402_1005Metric,146.1,-85.3,0.0,top
C24,0.1uF,C_0402_1005Metric,150.9,-92.3,0.0,top
C25,0.1uF,C_0402_1005Metric,144.4,-92.2,-90.0,top
C26,0.01uF,C_0402_1005Metric,140.0,-106.3,90.0,top
C27,0.1uF,C_0402_1005Metric,139.0,-106.3,-90.0,top
C28,1uF,C_0402_1005Metric,138.0,-106.3,-90.0,top
C3,10uF,C_0603_1608Metric,140.837334,-80.864721,180.0,top
C4,1uF,C_0402_1005Metric,137.6,-82.480357,180.0,top
C5,0.01uF,C_0402_1005Metric,147.0,-81.6,180.0,top
C6,0.1uF,C_0402_1005Metric,155.3,-83.4,0.0,top
C7,0.1uF,C_0402_1005Metric,145.1,-81.6,180.0,top
C8,1uF,C_0402_1005Metric,137.6,-85.380357,180.0,top
C9,1uF,C_0402_1005Metric,143.7,-81.2,-90.0,top
D1,RED,LED_0603_1608Metric,154.15,-128.31,0.0,top
D2,RED,LED_0603_1608Metric,136.56375,-128.4,180.0,top
D3,RED,LED_0603_1608Metric,155.3,-95.5,-90.0,top
D4,RED,LED_0603_1608Metric,156.8,-95.5,-90.0,top
D5,RED,LED_0603_1608Metric,154.125,-125.85,0.0,top
D6,RED,LED_0603_1608Metric,145.0,-95.5,-90.0,top
D7,RED,LED_0603_1608Metric,146.5,-95.5,-90.0,top
FB1,600R/0.5A,L_0805_2012Metric,140.867334,-79.237665,180.0,top
H1,MICROMOD-Standoff,MicroMod-Standoff,151.077334,-95.837665,0.0,top
J1,Conn_01x22_Pin,PinHeader_1x22_P2.54mm_Vertical,131.72,-101.12,0.0,bottom
J2,Conn_01x22_Pin,PinHeader_1x22_P2.54mm_Vertical,162.19,-101.15,180.0,bottom
J3,Conn_01x03_Pin,PinHeader_1x03_P1.27mm_Vertical,137.6,-93.0,0.0,top
J4,Conn_01x06_Pin,PinHeader_1x06_P1.27mm_Vertical,142.49,-126.075,-90.0,top
J5,Conn_01x02_Pin,PinHeader_1x02_P2.54mm_Vertical,156.7,-75.73,180.0,top
J6,USB_C_Receptacle_USB2.0_14P,USB_C_Receptacle_GCT_USB4105-xx-A_16P_TopMnt_Horizontal,149.547334,-77.452665,180.0,top
J7,Conn_01x03_Pin,PinHeader_1x03_P1.27mm_Vertical,141.6,-88.9,90.0,top
R1,1K,R_0402_1005Metric,156.2,-128.3,-90.0,top
R10,150,R_0402_1005Metric,144.79,-97.5,0.0,top
R11,150,R_0402_1005Metric,146.7,-97.5,180.0,top
R12,10K,R_0402_1005Metric,147.2,-102.49,-90.0,top
R13,10K,R_0402_1005Metric,138.5,-103.9,0.0,top
R14,10K,R_0402_1005Metric,138.5,-102.9,0.0,top
R15,10K,R_0402_1005Metric,146.2,-102.5,-90.0,top
R16,10K,R_0402_1005Metric,145.2,-102.48,-90.0,top
R17,10K,R_0402_1005Metric,138.5,-104.9,0.0,top
R18,1K,R_0402_1005Metric,136.295,-80.845,90.0,top
R2,1K,R_0402_1005Metric,134.36375,-128.15,-90.0,top
R3,5K1,R_0402_1005Metric,153.99,-81.537665,180.0,top
R4,5K1,R_0402_1005Metric,143.7,-75.5,-90.0,top
R5,1K,R_0402_1005Metric,144.2,-85.4,0.0,top
R6,1K,R_0402_1005Metric,155.0,-97.6,180.0,top
R7,1K,R_0402_1005Metric,156.91,-97.6,0.0,top
R8,1K,R_0402_1005Metric,156.2,-125.85,-90.0,top
R9,1K,R_0402_1005Metric,145.845,-89.605,180.0,top
SW1,SW_Push - SKQGADE010,SW4-SMD-5.2X5.2X1.5MM,140.267334,-75.437665,0.0,top
SW2,SW_Push - SKQGADE010,SW4-SMD-5.2X5.2X1.5MM,155.2,-108.2,90.0,top
SW3,SW_Push - SKQGADE010,SW4-SMD-5.2X5.2X1.5MM,139.9,-99.3635,0.0,top
U1,LP5907SNX-1.8,Texas_X2SON-4_1x1mm_P0.65mm,137.6,-83.93,90.0,top
U2,W25Q16JVUXIQ,USON-8_UX_2x3x0p6_WIN,145.4,-83.5,0.0,top
U3,TLV71333PDQNR,Texas_X2SON-4_1x1mm_P0.65mm,139.475,-83.93,90.0,top
U4,RP2040,QFN-56-1EP_7x7mm_P0.4mm_EP3.2x3.2mm,151.4,-87.6375,0.0,top
U5,TLV71333PDQNR,Texas_X2SON-4_1x1mm_P0.65mm,141.375,-83.93,90.0,top
U6,W25Q16JVUXIQ,USON-8_UX_2x3x0p6_WIN,142.6008,-104.8,180.0,top
U7,M.2-CONNECTOR-E,M.2-CONNECTOR-E,147.067634,-117.565165,0.0,top
Y1,ASE-xxxMHz,Oscillator_SMD_Abracon_ASE-4Pin_3.2x2.5mm,156.7,-80.9,-90.0,top
Y2,ASE-xxxMHz,Oscillator_SMD_Abracon_ASE-4Pin_3.2x2.5mm,141.7,-92.3,180.0,top
